experiment_id, node_id, node_id_seq, time_sec, time_usec, power, current, voltage
3.542297, 1, 1,	1697457735 ,465462, 0.283869, 4.870000, 0.058263
3.542297, 1, 1,	1697457736 ,465462, 0.283869, 4.870000, 0.058263
3.542397, 1, 1,	1697457737 ,465462, 0.283869, 4.870000, 0.058263
3.542497, 1, 1,	1697457738 ,465462, 0.283869, 4.870000, 0.058263
3.542597, 1, 1,	1697457739 ,465462, 0.283869, 4.870000, 0.058263